{"cameraMode":{"drawMode":31,"name":"Sprite Mask","section":"Miscellaneous"},"sceneLighting":false,"audioPlay":false,"sceneViewState":{"m_AlwaysRefresh":false,"showFog":true,"showSkybox":false,"showFlares":true,"showImageEffects":true,"showParticleSystems":true,"showVisualEffectGraphs":true,"m_FxEnabled":true},"in2DMode":false,"pivot":{"x":-31.333871841430665,"y":0.8904305696487427,"z":-32.942352294921878},"rotation":{"x":0.017961658537387849,"y":-0.0644448921084404,"z":0.0011602002196013928,"w":0.9977610111236572},"size":5.154154300689697,"orthographic":true}