{"cameraMode":{"drawMode":0,"name":"Shaded","section":"Shading Mode"},"sceneLighting":false,"audioPlay":false,"sceneViewState":{"m_AlwaysRefresh":false,"showFog":true,"showSkybox":false,"showFlares":true,"showImageEffects":true,"showParticleSystems":true,"showVisualEffectGraphs":true,"m_FxEnabled":true},"in2DMode":false,"pivot":{"x":2.4395458698272707,"y":0.9649263620376587,"z":6.864068508148193},"rotation":{"x":-0.13448289036750794,"y":-0.5485135316848755,"z":0.08962993323802948,"w":-0.8205159902572632},"size":4.5635600090026859,"orthographic":false}