{"cameraMode":{"drawMode":0,"name":"Shaded","section":"Shading Mode"},"sceneLighting":false,"audioPlay":false,"sceneViewState":{"m_AlwaysRefresh":false,"showFog":true,"showSkybox":false,"showFlares":true,"showImageEffects":true,"showParticleSystems":true,"showVisualEffectGraphs":true,"m_FxEnabled":true},"in2DMode":false,"pivot":{"x":-6.1072540283203129,"y":1.820000171661377,"z":0.44371891021728518},"rotation":{"x":0.007463524118065834,"y":0.294685423374176,"z":-0.0022963921073824169,"w":0.9556034803390503},"size":1.7320507764816285,"orthographic":false}